{
  "$type": "SKII.Communication.PortsManager, SKII.Communication",
  "Ports": {
    "$type": "System.Collections.Generic.List`1[[SKII.Communication.BaseBus, SKII.Communication]], mscorlib",
    "$values": [
      {
        "$type": "SKII.Communication.Ports.SingleCommBus, SKII.Communication",
        "CommName": "COM3",
        "CommBaudRate": 115200,
        "CommDataBits": 8,
        "CommStopBits": 1,
        "CommParity": 0,
        "PortId": "dev1",
        "PortName": "串口通信(RS232),单个设备通信",
        "PortDesc": "脖戴设备1"
      }
    ]
  }
}