{
  "$type": "SKII.Devices.DeviceManager, SKII.Devices",
  "DevicesList": {
    "$type": "System.Collections.Generic.List`1[[SKII.Devices.Device, SKII.Devices]], mscorlib",
    "$values": [
      {
        "$type": "SKII.Devices.Equips.SignalSynV103, SKII.Devices",
        "Channel": 150,
        "DevId": "Dev20210818",
        "DevName": "脖戴设备同步器",
        "DevDesc": "脖戴设备同步器",
        "PortID": "dev1",
        "GroupID": "",
        "DevType": 6,
        "Protocol": {
          "$type": "SKII.Protocols.RealizeProtocols.ScentMultiWirelessProtocol, SKII.Protocols",
          "InstructionCode": 0,
          "DevType": 0,
          "DevAddr": 0,
          "TargetDevType": 0,
          "TargetDevAddr": 0,
          "ProtocolId": "P31374342",
          "ProtocolName": "气味播放器多点无线组网通讯协议",
          "HaveLocalAddr": false,
          "LocalAddr": 0,
          "HaveRemoteAddr": false,
          "RemoteAddr": 0
        }
      },
      {
        "$type": "SKII.Devices.Equips.SignalSynV103, SKII.Devices",
        "Channel": 150,
        "DevId": "Dev20211117",
        "DevName": "脖戴设备同步器2",
        "DevDesc": "脖戴设备同步器2",
        "PortID": "dev2",
        "GroupID": "",
        "DevType": 6,
        "Protocol": {
          "$type": "SKII.Protocols.RealizeProtocols.ScentMultiWirelessProtocol, SKII.Protocols",
          "InstructionCode": 0,
          "DevType": 0,
          "DevAddr": 0,
          "TargetDevType": 0,
          "TargetDevAddr": 0,
          "ProtocolId": "P37457873",
          "ProtocolName": "气味播放器多点无线组网通讯协议",
          "HaveLocalAddr": false,
          "LocalAddr": 0,
          "HaveRemoteAddr": false,
          "RemoteAddr": 0
        }
      }
    ]
  }
}